volume,vwap,open,close,high,low,timestamp,trades
3395.0,252.4908,253.38,252.52,253.38,252.16,2025-10-01 08:00:00,108
1872.0,252.3758,252.35,252.37,252.37,252.34,2025-10-01 08:01:00,133
1239.0,252.267,252.27,252.27,252.27,252.27,2025-10-01 08:02:00,70
2661.0,252.0654,252.15,252.0,252.15,252.0,2025-10-01 08:03:00,121
1543.0,252.2307,252.22,252.26,252.28,252.21,2025-10-01 08:04:00,70
3711.0,252.1324,252.18,252.01,252.19,252.01,2025-10-01 08:06:00,123
1823.0,252.1337,252.14,252.17,252.17,252.14,2025-10-01 08:07:00,120
1027.0,252.1487,252.22,252.1,252.22,252.1,2025-10-01 08:10:00,34
1405.0,251.9202,251.97,251.9,251.97,251.9,2025-10-01 08:12:00,62
400.0,251.7799,251.78,251.78,251.78,251.78,2025-10-01 08:13:00,27
747.0,251.815,251.82,251.82,251.82,251.82,2025-10-01 08:14:00,22
966.0,251.9521,251.94,251.99,251.99,251.94,2025-10-01 08:15:00,28
798.0,251.7974,251.81,251.82,251.82,251.76,2025-10-01 08:16:00,21
370.0,251.7993,251.82,251.82,251.82,251.82,2025-10-01 08:17:00,19
561.0,251.792,251.73,251.84,251.84,251.73,2025-10-01 08:18:00,21
1825.0,251.6283,251.72,251.51,251.72,251.51,2025-10-01 08:23:00,97
918.0,251.7858,251.77,251.77,251.77,251.77,2025-10-01 08:24:00,56
249.0,251.9392,251.94,251.94,251.94,251.94,2025-10-01 08:27:00,9
1028.0,251.8621,251.92,251.85,251.92,251.85,2025-10-01 08:28:00,29
1057.0,252.0512,252.0,252.17,252.17,252.0,2025-10-01 08:31:00,54
347.0,252.1517,252.15,252.15,252.15,252.15,2025-10-01 08:32:00,31
1086.0,252.2259,252.21,252.23,252.24,252.21,2025-10-01 08:33:00,50
871.0,252.3103,252.31,252.32,252.32,252.31,2025-10-01 08:36:00,25
930.0,252.3411,252.31,252.35,252.35,252.31,2025-10-01 08:41:00,42
993.0,252.4837,252.46,252.49,252.49,252.46,2025-10-01 08:42:00,36
256.0,252.5021,252.5,252.5,252.5,252.5,2025-10-01 08:46:00,10
376.0,252.4527,252.5,252.5,252.5,252.5,2025-10-01 08:47:00,15
232.0,252.4245,252.4,252.4,252.4,252.4,2025-10-01 08:49:00,7
229.0,252.51,252.51,252.52,252.52,252.51,2025-10-01 08:55:00,8
4287.0,252.4881,252.47,252.51,252.51,252.41,2025-10-01 09:05:00,47
172.0,252.4597,252.44,252.44,252.44,252.44,2025-10-01 09:10:00,7
954.0,252.5909,252.56,252.6,252.6,252.55,2025-10-01 09:11:00,47
5571.0,252.8338,252.68,252.91,252.91,252.68,2025-10-01 09:17:00,101
676.0,252.7223,252.72,252.72,252.72,252.72,2025-10-01 09:18:00,26
403.0,252.8016,252.81,252.81,252.81,252.81,2025-10-01 09:25:00,23
325.0,252.8973,252.87,252.87,252.87,252.87,2025-10-01 09:26:00,19
4576.0,252.933,252.84,252.95,252.95,252.84,2025-10-01 09:27:00,41
995.0,253.0114,252.97,252.99,252.99,252.97,2025-10-01 09:28:00,58
411.0,253.0304,253.03,253.03,253.03,253.03,2025-10-01 09:29:00,12
555.0,252.9586,253.0,253.0,253.0,253.0,2025-10-01 09:31:00,36
1171.0,252.9485,253.0,252.99,253.0,252.95,2025-10-01 09:32:00,52
171.0,252.8141,252.81,252.81,252.81,252.81,2025-10-01 09:35:00,9
303.0,252.7901,252.79,252.79,252.79,252.79,2025-10-01 09:40:00,3
203.0,252.8608,252.86,252.86,252.86,252.86,2025-10-01 09:47:00,6
339.0,252.9028,252.9,252.9,252.9,252.9,2025-10-01 09:49:00,19
2113.0,252.9845,252.95,253.0,253.0,252.95,2025-10-01 09:50:00,45
220.0,253.0605,253.06,253.06,253.06,253.06,2025-10-01 09:51:00,8
578.0,253.0222,253.02,253.01,253.02,253.01,2025-10-01 09:56:00,27
982.0,253.1506,253.13,253.18,253.18,253.13,2025-10-01 10:01:00,48
580.0,253.1876,253.2,253.2,253.2,253.2,2025-10-01 10:08:00,27
763.0,253.3872,253.4,253.41,253.41,253.4,2025-10-01 10:10:00,64
5553.0,253.5886,253.45,253.77,253.77,253.44,2025-10-01 10:11:00,137
352.0,253.7699,253.77,253.77,253.77,253.77,2025-10-01 10:12:00,3
945.0,253.5417,253.62,253.5,253.62,253.5,2025-10-01 10:14:00,32
3464.0,253.8091,253.62,253.93,253.93,253.62,2025-10-01 10:15:00,56
204.0,253.8294,253.83,253.83,253.83,253.83,2025-10-01 10:17:00,5
622.0,253.7644,253.82,253.79,253.83,253.79,2025-10-01 10:18:00,17
376.0,253.6593,253.66,253.66,253.66,253.66,2025-10-01 10:20:00,8
206.0,253.6954,253.7,253.7,253.7,253.7,2025-10-01 10:21:00,9
897.0,253.7635,253.71,253.83,253.83,253.71,2025-10-01 10:22:00,22
283.0,253.8496,253.88,253.88,253.88,253.88,2025-10-01 10:27:00,11
456.0,253.8735,253.89,253.89,253.89,253.89,2025-10-01 10:28:00,21
2209.0,253.678,253.77,253.73,253.77,253.73,2025-10-01 10:29:00,74
838.0,253.5676,253.58,253.51,253.59,253.51,2025-10-01 10:31:00,9
210.0,253.5321,253.52,253.52,253.52,253.52,2025-10-01 10:33:00,8
483.0,253.6203,253.68,253.59,253.68,253.59,2025-10-01 10:35:00,28
142.0,253.3596,253.35,253.35,253.35,253.35,2025-10-01 10:44:00,11
1094.0,253.3201,253.34,253.24,253.34,253.24,2025-10-01 10:47:00,19
2212.0,253.4513,253.41,253.5,253.5,253.35,2025-10-01 10:49:00,58
867.0,253.4851,253.49,253.5,253.5,253.49,2025-10-01 10:59:00,37
1439.0,253.4783,253.46,253.59,253.59,253.4,2025-10-01 11:00:00,36
1909.0,253.6484,253.55,253.73,253.73,253.55,2025-10-01 11:06:00,48
356.0,253.69,253.69,253.69,253.69,253.69,2025-10-01 11:07:00,11
738.0,253.7799,253.73,253.82,253.82,253.73,2025-10-01 11:08:00,29
726.0,253.7259,253.75,253.79,253.79,253.75,2025-10-01 11:10:00,25
252.0,253.7066,253.75,253.75,253.75,253.75,2025-10-01 11:11:00,7
997.0,253.7402,253.73,253.75,253.75,253.73,2025-10-01 11:14:00,18
1079.0,253.7981,253.81,253.8,253.81,253.78,2025-10-01 11:15:00,26
137.0,253.7424,253.73,253.73,253.73,253.73,2025-10-01 11:17:00,5
224.0,253.7434,253.74,253.74,253.74,253.74,2025-10-01 11:20:00,5
1174.0,253.7609,253.78,253.72,253.78,253.72,2025-10-01 11:22:00,32
616.0,253.6931,253.69,253.69,253.69,253.69,2025-10-01 11:23:00,24
4635.0,253.6823,253.7,253.68,253.71,253.68,2025-10-01 11:24:00,17
892.0,253.791,253.8,253.8,253.8,253.8,2025-10-01 11:29:00,14
1845.0,253.836,253.8,253.91,253.91,253.8,2025-10-01 11:31:00,36
442.0,253.8965,253.91,253.91,253.91,253.91,2025-10-01 11:37:00,20
6388.0,253.9605,253.86,254.0,254.0,253.86,2025-10-01 11:39:00,150
961.0,254.0385,254.05,254.05,254.05,254.05,2025-10-01 11:40:00,38
701.0,254.0243,254.03,254.02,254.03,254.02,2025-10-01 11:41:00,6
1199.0,254.0424,254.06,254.02,254.06,254.02,2025-10-01 11:43:00,30
697.0,254.0326,254.03,254.03,254.03,254.03,2025-10-01 11:45:00,19
972.0,254.0954,254.08,254.09,254.12,254.08,2025-10-01 11:46:00,110
232.0,254.0266,254.03,254.03,254.03,254.03,2025-10-01 11:47:00,12
258.0,254.0067,254.01,254.01,254.01,254.01,2025-10-01 11:49:00,11
2060.0,254.0373,253.99,254.1,254.1,253.99,2025-10-01 11:50:00,43
302.0,254.0253,254.04,254.04,254.04,254.04,2025-10-01 11:51:00,20
353.0,253.9221,253.95,253.91,253.95,253.91,2025-10-01 11:55:00,5
199.0,253.9808,253.98,253.98,253.98,253.98,2025-10-01 11:56:00,8
193.0,253.98,253.98,253.98,253.98,253.98,2025-10-01 11:57:00,3
305.0,253.9532,253.97,253.97,253.97,253.97,2025-10-01 11:58:00,13
160687.0,253.5444,253.53,253.994,254.63,251.11,2025-10-01 12:00:00,2626
1872.0,252.6355,253.9,253.9,253.9,253.9,2025-10-01 12:01:00,66
437.0,254.1038,253.98,253.98,253.98,253.98,2025-10-01 12:02:00,99
933.0,253.9186,253.97,253.87,253.97,253.87,2025-10-01 12:03:00,40
350.0,253.8235,253.83,253.83,253.83,253.83,2025-10-01 12:05:00,11
1368.0,253.8199,253.81,253.82,253.82,253.81,2025-10-01 12:06:00,36
204.0,253.8849,253.95,253.8188,253.95,253.8188,2025-10-01 12:07:00,6
950.0,253.7798,253.77,253.77,253.77,253.77,2025-10-01 12:08:00,49
434.0,253.804,253.82,253.8,253.82,253.8,2025-10-01 12:09:00,18
339.0,253.8149,253.8,253.84,253.84,253.8,2025-10-01 12:10:00,20
3302.0,253.8209,253.7801,253.78,253.88,253.78,2025-10-01 12:15:00,68
5991.0,253.822,253.77,253.87,253.88,253.75,2025-10-01 12:16:00,129
366.0,253.8165,253.84,253.84,253.84,253.84,2025-10-01 12:18:00,15
1519.0,253.8943,253.9,253.9,253.9,253.87,2025-10-01 12:20:00,17
3966.0,254.0617,253.81,254.2,254.2,253.81,2025-10-01 12:21:00,103
238.0,254.2471,254.04,254.04,254.04,254.04,2025-10-01 12:23:00,95
1462.0,254.0359,253.98,253.98,253.98,253.98,2025-10-01 12:24:00,63
640.0,254.0735,254.1,254.06,254.1,254.06,2025-10-01 12:28:00,34
641.0,254.0271,254.06,254.03,254.06,254.03,2025-10-01 12:29:00,32
1328.0,253.998,254.06,253.9801,254.06,253.9601,2025-10-01 12:31:00,22
899.0,254.0001,254.01,254.0,254.01,254.0,2025-10-01 12:32:00,44
4474.0,254.0335,254.02,253.98,254.1824,253.98,2025-10-01 12:34:00,63
1498.0,253.974,253.97,253.98,253.98,253.96,2025-10-01 12:35:00,61
753.0,253.9458,253.84,253.98,253.98,253.84,2025-10-01 12:36:00,19
845.0,253.9065,253.8788,253.8738,253.8788,253.84,2025-10-01 12:37:00,32
1113.0,254.0353,254.03,254.06,254.06,254.0,2025-10-01 12:38:00,34
1478.0,254.1206,254.12,254.02,254.13,254.02,2025-10-01 12:39:00,61
844.0,254.2055,254.2,254.22,254.22,254.2,2025-10-01 12:40:00,44
2212.0,254.1847,254.22,254.24,254.24,254.1,2025-10-01 12:41:00,41
5974.0,254.264,254.24,254.27,254.27,254.13,2025-10-01 12:42:00,192
7933.0,254.5588,254.38,254.68,254.71,254.38,2025-10-01 12:43:00,166
3477.0,254.7715,254.7101,254.81,254.84,254.7101,2025-10-01 12:44:00,83
31065.0,254.9545,254.83,255.15,255.15,254.82,2025-10-01 12:45:00,444
11180.0,255.1179,255.14,255.11,255.2,255.09,2025-10-01 12:46:00,150
9813.0,255.2704,255.1966,255.4,255.44,255.097,2025-10-01 12:47:00,145
15425.0,255.5387,255.4,255.66,255.74,255.4,2025-10-01 12:48:00,320
20327.0,255.7155,255.75,255.55,255.8999,255.55,2025-10-01 12:49:00,286
8709.0,255.4504,255.5,255.54,255.6415,255.3,2025-10-01 12:50:00,145
6416.0,255.4849,255.55,255.45,255.55,255.44,2025-10-01 12:51:00,90
9002.0,255.5925,255.49,255.56,255.65,255.49,2025-10-01 12:52:00,112
7661.0,255.6027,255.54,255.64,255.7,255.5,2025-10-01 12:53:00,185
1349.0,255.4387,255.47,255.3606,255.47,255.3606,2025-10-01 12:54:00,55
4770.0,255.3846,255.41,255.4,255.41,255.36,2025-10-01 12:55:00,114
2272.0,255.4043,255.38,255.39,255.4999,255.38,2025-10-01 12:56:00,44
3073.0,255.3112,255.39,255.17,255.42,255.17,2025-10-01 12:57:00,82
1372.0,255.1818,255.02,255.15,255.27,255.02,2025-10-01 12:58:00,44
2693.0,255.1889,255.2,255.19,255.2,255.12,2025-10-01 12:59:00,47
1097.0,255.1433,255.1,255.2,255.2,255.1,2025-10-01 13:00:00,23
6234.0,255.2224,255.2,255.25,255.25,255.1205,2025-10-01 13:01:00,45
391.0,255.2675,255.28,255.28,255.28,255.28,2025-10-01 13:02:00,20
1692.0,255.1951,255.21,255.2,255.28,255.17,2025-10-01 13:03:00,35
427.0,255.1964,255.23,255.14,255.23,255.14,2025-10-01 13:04:00,29
2473.0,255.2918,255.23,255.26,255.37,255.23,2025-10-01 13:05:00,79
269.0,255.3263,255.2514,255.2514,255.2514,255.2514,2025-10-01 13:06:00,17
4960.0,255.4042,255.4,255.41,255.41,255.35,2025-10-01 13:07:00,35
1806.0,255.3234,255.4,255.25,255.4,255.25,2025-10-01 13:08:00,61
1531.0,255.2817,255.26,255.3643,255.3643,255.25,2025-10-01 13:09:00,40
952.0,255.267,255.2502,255.2613,255.2613,255.2502,2025-10-01 13:10:00,28
2321.0,255.2428,255.2613,255.2166,255.2613,255.2,2025-10-01 13:11:00,56
507.0,255.2318,255.3018,255.21,255.3018,255.21,2025-10-01 13:12:00,28
3721.0,255.1908,255.2498,255.11,255.2499,255.1,2025-10-01 13:13:00,58
2122.0,255.1929,255.12,255.21,255.25,255.0627,2025-10-01 13:14:00,48
2140.0,255.2554,255.2215,255.3,255.3,255.2215,2025-10-01 13:15:00,29
3235.0,255.1138,255.1,255.17,255.17,255.1,2025-10-01 13:16:00,52
4494.0,255.1033,255.1001,255.1,255.14,255.1,2025-10-01 13:18:00,96
1405.0,255.099,255.1,255.1,255.1,255.1,2025-10-01 13:19:00,32
3008.0,255.0003,255.09,254.9,255.09,254.9,2025-10-01 13:20:00,96
3730.0,254.9442,254.97,254.9,255.01,254.9,2025-10-01 13:21:00,90
10380.0,254.9471,254.87,255.01,255.02,254.8696,2025-10-01 13:22:00,134
16303.0,254.9983,255.0,254.99,255.01,254.92,2025-10-01 13:23:00,134
6342.0,254.9866,255.0,254.9997,255.0,254.92,2025-10-01 13:24:00,97
14921.0,254.5942,254.57,254.5394,254.9,254.5,2025-10-01 13:25:00,172
8863.0,254.5589,254.6499,254.5491,254.88,254.5,2025-10-01 13:26:00,100
6793.0,254.4916,254.5,254.37,254.63,254.32,2025-10-01 13:27:00,114
32204.0,254.7599,254.66,255.15,255.15,254.66,2025-10-01 13:28:00,154
5306.0,255.0862,255.03,255.05,255.12,254.97,2025-10-01 13:29:00,101
1017374.0,255.1457,255.04,255.21,255.77,254.93,2025-10-01 13:30:00,15281
526671.0,255.8272,255.17,256.06,256.31,255.05,2025-10-01 13:31:00,6404
511712.0,256.2852,256.06,255.91,256.5599,255.83,2025-10-01 13:32:00,5936
277832.0,256.1823,255.915,256.295,256.5,255.85,2025-10-01 13:33:00,4027
302836.0,256.5743,256.295,256.5175,256.8,256.295,2025-10-01 13:34:00,4438
577960.0,256.958,256.49,257.4232,257.4287,256.4,2025-10-01 13:35:00,7031
852629.0,257.9765,257.43,258.44,258.53,257.4,2025-10-01 13:36:00,11387
643277.0,258.5076,258.4167,258.53,258.79,258.24,2025-10-01 13:37:00,8545
402714.0,258.5846,258.53,258.435,258.77,258.41,2025-10-01 13:38:00,5470
371983.0,258.2554,258.445,258.05,258.64,257.9,2025-10-01 13:39:00,5267
255883.0,258.2522,258.04,258.09,258.44,258.01,2025-10-01 13:40:00,3797
277225.0,257.8291,258.08,257.8,258.08,257.6709,2025-10-01 13:41:00,3837
165774.0,257.863,257.81,258.125,258.1481,257.62,2025-10-01 13:42:00,2648
234188.0,257.7559,258.15,257.58,258.25,257.49,2025-10-01 13:43:00,3620
138580.0,257.5078,257.6,257.67,257.68,257.36,2025-10-01 13:44:00,2168
345401.0,257.1442,257.65,257.0417,257.6791,256.92,2025-10-01 13:45:00,3926
204037.0,256.8049,257.04,256.68,257.0599,256.66,2025-10-01 13:46:00,3278
202181.0,256.5306,256.66,256.3399,256.72,256.28,2025-10-01 13:47:00,2905
285810.0,256.2268,256.33,255.85,256.5725,255.85,2025-10-01 13:48:00,3758
254561.0,255.7576,255.8403,255.45,255.95,255.43,2025-10-01 13:49:00,3320
263264.0,255.5596,255.43,255.675,255.8,255.26,2025-10-01 13:50:00,2976
169864.0,255.7544,255.69,255.84,255.89,255.5601,2025-10-01 13:51:00,2406
138295.0,255.8365,255.84,255.82,255.9488,255.73,2025-10-01 13:52:00,2146
197640.0,255.9583,255.83,256.15,256.17,255.78,2025-10-01 13:53:00,2747
153080.0,256.1867,256.1598,256.25,256.3,256.02,2025-10-01 13:54:00,2252
133654.0,256.108,256.24,255.95,256.24,255.95,2025-10-01 13:55:00,2149
186250.0,256.1511,255.94,256.41,256.45,255.865,2025-10-01 13:56:00,2214
155057.0,256.3911,256.44,256.33,256.4841,256.31,2025-10-01 13:57:00,2210
127046.0,256.3342,256.335,256.35,256.4,256.24,2025-10-01 13:58:00,1754
183032.0,256.4304,256.35,256.505,256.56,256.3,2025-10-01 13:59:00,2488
154532.0,256.445,256.515,256.63,256.64,256.3,2025-10-01 14:00:00,2388
142378.0,256.641,256.63,256.62,256.76,256.49,2025-10-01 14:01:00,2153
120769.0,256.4779,256.62,256.35,256.625,256.31,2025-10-01 14:02:00,1869
115822.0,256.2326,256.37,256.24,256.42,256.0301,2025-10-01 14:03:00,2045
75771.0,256.4151,256.23,256.43,256.54,256.2,2025-10-01 14:04:00,1408
85538.0,256.3671,256.42,256.3198,256.42,256.2726,2025-10-01 14:05:00,1444
148610.0,256.1707,256.31,256.115,256.33,256.08,2025-10-01 14:06:00,1958
114017.0,256.1096,256.14,256.035,256.21,255.99,2025-10-01 14:07:00,1855
176619.0,255.9676,256.05,255.85,256.09,255.77,2025-10-01 14:08:00,2215
91184.0,255.8187,255.855,255.8501,255.945,255.73,2025-10-01 14:09:00,1550
74397.0,255.9795,255.87,256.0,256.0799,255.87,2025-10-01 14:10:00,1407
76553.0,255.8841,255.9884,255.795,256.0419,255.78,2025-10-01 14:11:00,1326
139488.0,255.6897,255.795,255.53,255.81,255.53,2025-10-01 14:12:00,1952
129065.0,255.5957,255.52,255.655,255.76,255.435,2025-10-01 14:13:00,1946
82871.0,255.8678,255.66,255.98,255.99,255.657,2025-10-01 14:14:00,1417
120376.0,255.9356,255.9875,256.054373,256.095,255.94,2025-10-01 14:15:00,1424
155374.0,256.2361,256.0512,256.37,256.4,256.025,2025-10-01 14:16:00,2324
147099.0,256.3675,256.37,256.34,256.47,256.3,2025-10-01 14:17:00,2132
106327.0,256.5328,256.35,256.7125,256.725,256.35,2025-10-01 14:18:00,1654
172642.0,256.9043,256.72,256.98,257.03,256.71,2025-10-01 14:19:00,2389
118829.0,256.9495,256.9855,256.93,257.0199,256.8901,2025-10-01 14:20:00,1635
142841.0,257.1846,256.93,257.18,257.33,256.915,2025-10-01 14:21:00,4576
143325.0,256.9711,257.18,256.75,257.22,256.74,2025-10-01 14:22:00,2338
84600.0,256.7211,256.76,256.715,256.81,256.625,2025-10-01 14:23:00,1580
105371.0,256.7296,256.73,256.7227,256.78,256.64,2025-10-01 14:24:00,1744
113838.0,256.6777,256.7285,256.6612,256.82,256.59,2025-10-01 14:25:00,1776
306121.0,256.3406,256.67,256.27,256.67,256.16,2025-10-01 14:26:00,3781
121051.0,256.3834,256.29,256.45,256.48,256.22,2025-10-01 14:27:00,1799
131627.0,256.5026,256.45,256.63,256.6699,256.38,2025-10-01 14:28:00,1919
192934.0,256.4699,256.63,256.1614,256.65,256.1614,2025-10-01 14:29:00,2753
109589.0,256.1862,256.18,256.15,256.259,256.1,2025-10-01 14:30:00,1633
110826.0,256.0986,256.1377,256.02,256.242,255.9493,2025-10-01 14:31:00,1668
117759.0,255.9355,256.0,255.89,256.02,255.8352,2025-10-01 14:32:00,1825
172913.0,255.5685,255.885,255.4599,255.907,255.4,2025-10-01 14:33:00,2110
101762.0,255.6556,255.46,255.8459,255.8459,255.46,2025-10-01 14:34:00,1558
85272.0,255.9008,255.835,255.965,255.98,255.8282,2025-10-01 14:35:00,1376
88160.0,255.9164,255.965,255.88,255.99,255.83,2025-10-01 14:36:00,1463
92312.0,255.8232,255.87,255.79,255.93,255.75,2025-10-01 14:37:00,1792
112105.0,255.74,255.79,255.77,255.83,255.61,2025-10-01 14:38:00,1797
64503.0,255.8547,255.77,255.82,255.93,255.76,2025-10-01 14:39:00,1237
106953.0,255.7504,255.82,255.735,255.84,255.66,2025-10-01 14:40:00,1692
70254.0,255.6603,255.74,255.7,255.745,255.585,2025-10-01 14:41:00,1176
76650.0,255.6482,255.69,255.69,255.7,255.5424,2025-10-01 14:42:00,1261
70944.0,255.6405,255.72,255.59,255.725,255.55,2025-10-01 14:43:00,1242
52825.0,255.5626,255.605,255.55,255.63,255.5,2025-10-01 14:44:00,1077
75645.0,255.5717,255.56,255.59,255.65,255.51,2025-10-01 14:45:00,1294
87413.0,255.7414,255.6,255.9,255.945,255.565,2025-10-01 14:46:00,1500
69741.0,255.7787,255.89,255.8201,255.8974,255.6986,2025-10-01 14:47:00,1210
60654.0,255.7558,255.84,255.67,255.8626,255.661,2025-10-01 14:48:00,1051
46086.0,255.6879,255.66,255.81,255.82,255.59,2025-10-01 14:49:00,984
69034.0,255.6794,255.81,255.63,255.81,255.6,2025-10-01 14:50:00,1144
68036.0,255.6527,255.64,255.745,255.78,255.53,2025-10-01 14:51:00,1178
44792.0,255.7351,255.75,255.725,255.8,255.68,2025-10-01 14:52:00,834
55216.0,255.7067,255.73,255.69,255.7695,255.65,2025-10-01 14:53:00,1021
80295.0,255.8189,255.69,255.8,255.93,255.69,2025-10-01 14:54:00,1213
57648.0,255.8643,255.8,255.86,255.9437,255.8,2025-10-01 14:55:00,1120
76293.0,255.7219,255.87,255.727,255.87,255.66,2025-10-01 14:56:00,1086
40640.0,255.7396,255.727,255.725,255.82,255.7,2025-10-01 14:57:00,820
69389.0,255.6857,255.725,255.68,255.755,255.581,2025-10-01 14:58:00,1278
63150.0,255.5782,255.675,255.53,255.69,255.51,2025-10-01 14:59:00,1060
84561.0,255.5397,255.53,255.55,255.61,255.49,2025-10-01 15:00:00,1279
65764.0,255.5708,255.54,255.585,255.64,255.53,2025-10-01 15:01:00,1200
63771.0,255.573,255.5824,255.58,255.619,255.525,2025-10-01 15:02:00,1008
96701.0,255.5127,255.6,255.43,255.62,255.41,2025-10-01 15:03:00,1468
88884.0,255.4894,255.43,255.4549,255.58,255.38,2025-10-01 15:04:00,1268
81894.0,255.4158,255.46,255.3112,255.4699,255.3,2025-10-01 15:05:00,1152
105058.0,255.3901,255.3399,255.425,255.46,255.3101,2025-10-01 15:06:00,1624
104741.0,255.4696,255.4293,255.525,255.5796,255.37,2025-10-01 15:07:00,1610
135947.0,255.4238,255.525,255.445,255.62,255.31,2025-10-01 15:08:00,2042
60167.0,255.4261,255.44,255.3866,255.48,255.365,2025-10-01 15:09:00,1043
48381.0,255.3644,255.375,255.33,255.42,255.3,2025-10-01 15:10:00,907
81775.0,255.3748,255.32,255.35,255.4937,255.3,2025-10-01 15:11:00,1253
77019.0,255.3076,255.345,255.325,255.43,255.2,2025-10-01 15:12:00,1346
64848.0,255.4778,255.35,255.6,255.6353,255.3212,2025-10-01 15:13:00,1198
79343.0,255.5557,255.58,255.55,255.625,255.48,2025-10-01 15:14:00,1081
99687.0,255.4026,255.5384,255.34,255.58,255.31,2025-10-01 15:15:00,1388
53723.0,255.3078,255.34,255.27,255.41,255.22,2025-10-01 15:16:00,1320
59479.0,255.3544,255.28,255.39,255.41,255.28,2025-10-01 15:17:00,1105
72943.0,255.415,255.39,255.37,255.465,255.37,2025-10-01 15:18:00,1257
48458.0,255.4262,255.37,255.42,255.505,255.364,2025-10-01 15:19:00,922
77199.0,255.3886,255.41,255.4,255.44,255.35,2025-10-01 15:20:00,1233
46766.0,255.4271,255.4126,255.49,255.5,255.3694,2025-10-01 15:21:00,964
108293.0,255.3811,255.4958,255.23,255.515,255.21,2025-10-01 15:22:00,1487
73086.0,255.3205,255.235,255.425,255.4469,255.21,2025-10-01 15:23:00,1086
34710.0,255.3173,255.425,255.23,255.425,255.23,2025-10-01 15:24:00,914
47813.0,255.2347,255.24,255.195,255.31,255.18,2025-10-01 15:25:00,896
72161.0,255.1755,255.215,255.2076,255.23,255.1,2025-10-01 15:26:00,1069
45087.0,255.1466,255.215,255.17,255.23,255.11,2025-10-01 15:27:00,861
65106.0,255.3571,255.18,255.4766,255.4766,255.18,2025-10-01 15:28:00,1148
47791.0,255.4911,255.47,255.5245,255.56,255.39,2025-10-01 15:29:00,991
99943.0,255.6049,255.5301,255.76,255.79,255.5204,2025-10-01 15:30:00,1064
67115.0,255.753,255.7549,255.6801,255.8297,255.67,2025-10-01 15:31:00,1021
58054.0,255.666,255.69,255.7101,255.73,255.62,2025-10-01 15:32:00,980
49336.0,255.6032,255.7,255.61,255.7,255.56,2025-10-01 15:33:00,938
55413.0,255.5792,255.61,255.566,255.63,255.515,2025-10-01 15:34:00,1089
54454.0,255.6143,255.545,255.69,255.75,255.51,2025-10-01 15:35:00,1199
38195.0,255.7518,255.7,255.76,255.795,255.68,2025-10-01 15:36:00,752
41432.0,255.8018,255.76,255.79,255.86,255.76,2025-10-01 15:37:00,920
38988.0,255.8026,255.81,255.82,255.86,255.761,2025-10-01 15:38:00,725
39643.0,255.8178,255.83,255.83,255.857,255.785,2025-10-01 15:39:00,762
54200.0,255.837,255.84,255.77,255.89,255.76,2025-10-01 15:40:00,859
51401.0,255.7999,255.79,255.725,255.8713,255.725,2025-10-01 15:41:00,808
26876.0,255.752,255.72,255.74,255.807,255.69,2025-10-01 15:42:00,618
22993.0,255.7396,255.76,255.73,255.77,255.69,2025-10-01 15:43:00,568
28852.0,255.7607,255.74,255.795,255.82,255.71,2025-10-01 15:44:00,612
133625.0,255.9635,255.795,256.02,256.04,255.795,2025-10-01 15:45:00,1474
43788.0,255.9848,256.015,255.9467,256.04,255.925,2025-10-01 15:46:00,682
41658.0,255.9007,255.9413,255.9,255.97,255.84,2025-10-01 15:47:00,804
37968.0,255.8267,255.9,255.78,255.92,255.75,2025-10-01 15:48:00,727
45860.0,255.7037,255.78,255.685,255.78,255.62,2025-10-01 15:49:00,816
43989.0,255.6813,255.6856,255.665,255.725,255.6187,2025-10-01 15:50:00,871
61810.0,255.6865,255.67,255.555,255.79,255.55,2025-10-01 15:51:00,945
46137.0,255.5961,255.555,255.625,255.65,255.555,2025-10-01 15:52:00,822
51951.0,255.6324,255.6201,255.69,255.73,255.56,2025-10-01 15:53:00,816
38729.0,255.7341,255.67,255.79,255.79,255.65,2025-10-01 15:54:00,701
60486.0,255.8272,255.79,255.915,255.94,255.72,2025-10-01 15:55:00,1054
97707.0,255.9874,255.92,256.0001,256.03,255.91,2025-10-01 15:56:00,1080
58251.0,256.0379,256.017,256.0046,256.08,255.9887,2025-10-01 15:57:00,883
45316.0,255.9802,255.995,256.005,256.0413,255.94,2025-10-01 15:58:00,852
47024.0,256.0716,256.005,256.11,256.12,256.005,2025-10-01 15:59:00,837
83973.0,256.1761,256.1,256.24,256.27,256.09,2025-10-01 16:00:00,1132
74622.0,256.359,256.23,256.42,256.45,256.23,2025-10-01 16:01:00,1127
53498.0,256.4223,256.425,256.41,256.47,256.3876,2025-10-01 16:02:00,992
56318.0,256.3718,256.41,256.325,256.41,256.32,2025-10-01 16:03:00,1001
48546.0,256.35,256.3241,256.36,256.4,256.27,2025-10-01 16:04:00,878
42225.0,256.3491,256.355,256.34,256.3899,256.3085,2025-10-01 16:05:00,761
48412.0,256.3536,256.34,256.36,256.3818,256.31,2025-10-01 16:06:00,759
83048.0,256.4476,256.36,256.52,256.53,256.35,2025-10-01 16:07:00,1172
71064.0,256.522,256.52,256.52,256.56,256.49,2025-10-01 16:08:00,1116
46855.0,256.4883,256.54,256.49,256.55,256.43,2025-10-01 16:09:00,733
71668.0,256.5478,256.46,256.54,256.64,256.45,2025-10-01 16:10:00,1219
101742.0,256.6207,256.55,256.63,256.695,256.5344,2025-10-01 16:11:00,1282
108143.0,256.6104,256.62,256.71,256.72,256.5201,2025-10-01 16:12:00,1615
83235.0,256.8016,256.71,256.889,256.93,256.69,2025-10-01 16:13:00,1258
57925.0,256.7482,256.87,256.64,256.87,256.62,2025-10-01 16:14:00,903
58435.0,256.5472,256.64,256.43,256.64,256.43,2025-10-01 16:15:00,1060
51921.0,256.4861,256.44,256.51,256.52,256.44,2025-10-01 16:16:00,758
63437.0,256.4963,256.52,256.45,256.55,256.44,2025-10-01 16:17:00,977
36991.0,256.3943,256.43,256.37,256.445,256.34,2025-10-01 16:18:00,783
64185.0,256.2831,256.37,256.2,256.375,256.2,2025-10-01 16:19:00,997
75340.0,256.089,256.2,255.95,256.21,255.95,2025-10-01 16:20:00,1196
55003.0,256.0398,255.95,256.04,256.15,255.95,2025-10-01 16:21:00,875
34146.0,256.0167,256.03,255.995,256.0699,255.9376,2025-10-01 16:22:00,727
35121.0,255.9932,256.0,255.985,256.03,255.96,2025-10-01 16:23:00,637
34870.0,256.0311,255.99,256.065,256.1,255.9602,2025-10-01 16:24:00,680
44246.0,256.1119,256.065,256.2359,256.2359,256.06,2025-10-01 16:25:00,747
49383.0,256.2376,256.244,256.21,256.276,256.205,2025-10-01 16:26:00,864
61157.0,256.1749,256.21,256.19,256.27,256.11,2025-10-01 16:27:00,996
44456.0,256.1901,256.18,256.17,256.26,256.1201,2025-10-01 16:28:00,827
26326.0,256.1783,256.17,256.16,256.213,256.14,2025-10-01 16:29:00,531
41094.0,256.2162,256.1636,256.3,256.31,256.15,2025-10-01 16:30:00,704
42861.0,256.3366,256.3,256.3629,256.3899,256.28,2025-10-01 16:31:00,796
140944.0,256.2459,256.36,256.29,256.36,256.19,2025-10-01 16:32:00,1701
70859.0,256.1996,256.29,256.12,256.29,256.11,2025-10-01 16:33:00,1202
37875.0,256.1379,256.1127,256.07,256.21,256.06,2025-10-01 16:34:00,677
28308.0,256.0621,256.0701,256.06,256.1,256.0287,2025-10-01 16:35:00,575
59941.0,256.1929,256.07,256.275,256.31,256.07,2025-10-01 16:36:00,865
66197.0,256.3827,256.2797,256.49,256.49,256.275,2025-10-01 16:37:00,955
71860.0,256.4501,256.49,256.45,256.51,256.39,2025-10-01 16:38:00,939
51496.0,256.451,256.4551,256.48,256.5,256.38,2025-10-01 16:39:00,951
58069.0,256.5675,256.465,256.525,256.63,256.465,2025-10-01 16:40:00,1050
47417.0,256.4702,256.52,256.43,256.55,256.4,2025-10-01 16:41:00,938
40025.0,256.3734,256.43,256.271,256.45,256.271,2025-10-01 16:42:00,724
47667.0,256.3683,256.28,256.35,256.46,256.28,2025-10-01 16:43:00,823
34941.0,256.2993,256.36,256.26,256.36,256.25,2025-10-01 16:44:00,677
45434.0,256.1703,256.25,256.15,256.26,256.12,2025-10-01 16:45:00,849
45597.0,256.2359,256.1451,256.295,256.3,256.14,2025-10-01 16:46:00,875
53051.0,256.4185,256.28,256.53,256.54,256.26,2025-10-01 16:47:00,959
38025.0,256.5137,256.54,256.44,256.56,256.42,2025-10-01 16:48:00,700
19815.0,256.4274,256.45,256.425,256.47,256.395,2025-10-01 16:49:00,495
36920.0,256.4616,256.425,256.5,256.52,256.4101,2025-10-01 16:50:00,599
43241.0,256.4987,256.51,256.475,256.54,256.43,2025-10-01 16:51:00,723
44051.0,256.4769,256.47,256.44,256.565,256.43,2025-10-01 16:52:00,869
27454.0,256.4234,256.45,256.38,256.46,256.37,2025-10-01 16:53:00,646
23398.0,256.3503,256.375,256.405,256.4175,256.2901,2025-10-01 16:54:00,576
39511.0,256.3786,256.3901,256.38,256.43,256.35,2025-10-01 16:55:00,702
20441.0,256.3765,256.375,256.37,256.41,256.3501,2025-10-01 16:56:00,500
36654.0,256.3992,256.37,256.4,256.44,256.34,2025-10-01 16:57:00,692
33309.0,256.4157,256.4,256.44,256.45,256.383,2025-10-01 16:58:00,550
48493.0,256.4659,256.43,256.4532,256.4987,256.43,2025-10-01 16:59:00,726
67969.0,256.5692,256.46,256.6466,256.6493,256.46,2025-10-01 17:00:00,951
77448.0,256.7094,256.64,256.794,256.8,256.6101,2025-10-01 17:01:00,1127
49036.0,256.7812,256.785,256.79,256.8298,256.73,2025-10-01 17:02:00,773
26507.0,256.7371,256.795,256.71,256.8016,256.695,2025-10-01 17:03:00,612
32893.0,256.6821,256.71,256.6,256.75,256.5877,2025-10-01 17:04:00,606
66307.0,256.5511,256.5984,256.51,256.6,256.49,2025-10-01 17:05:00,892
28383.0,256.5493,256.51,256.535,256.58,256.51,2025-10-01 17:06:00,626
39567.0,256.5934,256.53,256.61,256.65,256.53,2025-10-01 17:07:00,704
28378.0,256.607,256.61,256.62,256.64,256.54,2025-10-01 17:08:00,596
43328.0,256.5777,256.614,256.54,256.65,256.51,2025-10-01 17:09:00,706
50969.0,256.461,256.515,256.3731,256.53,256.3731,2025-10-01 17:10:00,912
51205.0,256.3848,256.377,256.3787,256.43,256.33,2025-10-01 17:11:00,871
46044.0,256.389,256.385,256.39,256.44,256.355,2025-10-01 17:12:00,828
52587.0,256.3269,256.3884,256.2051,256.3884,256.2,2025-10-01 17:13:00,886
39840.0,256.1034,256.2,256.04,256.2099,256.025,2025-10-01 17:14:00,895
86227.0,256.0415,256.03,256.02,256.09,255.995,2025-10-01 17:15:00,1309
68411.0,256.0615,256.01,256.125,256.1613,255.96,2025-10-01 17:16:00,988
34684.0,256.159,256.13,256.2151,256.23,256.1012,2025-10-01 17:17:00,695
41229.0,256.1193,256.21,256.055,256.23,256.0283,2025-10-01 17:18:00,719
23703.0,256.1124,256.05,256.095,256.1501,256.04,2025-10-01 17:19:00,592
32660.0,256.1631,256.095,256.18,256.22,256.095,2025-10-01 17:20:00,711
30377.0,256.1764,256.175,256.2,256.21,256.1377,2025-10-01 17:21:00,633
34293.0,256.1336,256.2,256.13,256.21,256.09,2025-10-01 17:22:00,672
33754.0,256.12,256.13,256.0599,256.16,256.0524,2025-10-01 17:23:00,730
35987.0,256.0652,256.05,256.03,256.12,256.021,2025-10-01 17:24:00,704
36162.0,256.0093,256.02,255.990012,256.04,255.96,2025-10-01 17:25:00,707
51413.0,255.9367,255.985,255.89,256.0,255.8703,2025-10-01 17:26:00,852
47523.0,255.9015,255.87,255.9288,255.94,255.855,2025-10-01 17:27:00,699
40898.0,256.0377,255.915,256.0455,256.1213,255.91,2025-10-01 17:28:00,777
21381.0,256.1242,256.057,256.1404,256.185,256.057,2025-10-01 17:29:00,545
20934.0,256.1512,256.165,256.1,256.1918,256.08,2025-10-01 17:30:00,654
46638.0,256.1381,256.1197,256.17,256.18,256.073,2025-10-01 17:31:00,763
29541.0,256.1641,256.1791,256.15,256.22,256.14,2025-10-01 17:32:00,668
55334.0,256.1644,256.15,256.14,256.22,256.13,2025-10-01 17:33:00,808
27812.0,256.1362,256.14,256.06844,256.1841,256.06,2025-10-01 17:34:00,725
36446.0,256.1233,256.08,256.13,256.16,256.0784,2025-10-01 17:35:00,681
41287.0,256.1652,256.1699,256.25,256.255,256.11,2025-10-01 17:36:00,727
42961.0,256.2751,256.24,256.3,256.32,256.21,2025-10-01 17:37:00,742
26854.0,256.2929,256.3,256.3,256.33,256.2699,2025-10-01 17:38:00,721
57401.0,256.3775,256.311,256.36,256.46,256.31,2025-10-01 17:39:00,1244
37948.0,256.4022,256.365,256.415,256.45,256.36,2025-10-01 17:40:00,706
56114.0,256.4446,256.4199,256.4,256.5,256.39,2025-10-01 17:41:00,864
30371.0,256.352,256.41,256.310029,256.417,256.2902,2025-10-01 17:42:00,649
29756.0,256.3433,256.29,256.42,256.4265,256.265,2025-10-01 17:43:00,655
41625.0,256.3939,256.42,256.37,256.4506,256.32,2025-10-01 17:44:00,752
28145.0,256.3619,256.37,256.39,256.41,256.305,2025-10-01 17:45:00,626
32706.0,256.3687,256.38,256.36,256.4,256.32,2025-10-01 17:46:00,643
54243.0,256.5342,256.35,256.21,256.36,256.21,2025-10-01 17:47:00,653
20894.0,256.2767,256.215,256.2609,256.31,256.215,2025-10-01 17:48:00,548
27749.0,256.2931,256.27,256.315,256.315,256.25,2025-10-01 17:49:00,567
22159.0,256.2987,256.3001,256.31,256.36,256.245,2025-10-01 17:50:00,574
42208.0,256.3336,256.3,256.33,256.37,256.3,2025-10-01 17:51:00,578
27316.0,256.3656,256.32,256.3799,256.4,256.31,2025-10-01 17:52:00,627
29396.0,256.3933,256.37,256.36,256.45,256.36,2025-10-01 17:53:00,628
33902.0,256.3693,256.36,256.4107,256.4107,256.3201,2025-10-01 17:54:00,691
29159.0,256.3932,256.4014,256.375,256.43,256.36,2025-10-01 17:55:00,550
26579.0,256.3983,256.3765,256.4416,256.4416,256.3413,2025-10-01 17:56:00,639
45109.0,256.4919,256.4401,256.5598,256.56,256.42,2025-10-01 17:57:00,751
51466.0,256.4802,256.54,256.4302,256.54,256.41,2025-10-01 17:58:00,867
25567.0,256.4514,256.4458,256.4561,256.48,256.42,2025-10-01 17:59:00,523
68916.0,256.5572,256.4512,256.61,256.65,256.425,2025-10-01 18:00:00,1156
46429.0,256.6287,256.605,256.59,256.67,256.59,2025-10-01 18:01:00,777
49696.0,256.5153,256.585,256.4505,256.585,256.42,2025-10-01 18:02:00,938
41361.0,256.4989,256.44,256.53,256.55,256.43,2025-10-01 18:03:00,748
35866.0,256.5219,256.5444,256.57,256.57,256.48,2025-10-01 18:04:00,696
31125.0,256.5624,256.58,256.56,256.6,256.53,2025-10-01 18:05:00,694
43452.0,256.6118,256.57,256.56,256.65,256.56,2025-10-01 18:06:00,680
40783.0,256.5301,256.57,256.49,256.57,256.4801,2025-10-01 18:07:00,683
39966.0,256.5238,256.49,256.55,256.57,256.48,2025-10-01 18:08:00,702
40420.0,256.5738,256.54,256.53,256.64,256.5,2025-10-01 18:09:00,743
34829.0,256.458,256.5251,256.42,256.5251,256.4,2025-10-01 18:10:00,652
34318.0,256.485,256.43,256.52,256.5369,256.4225,2025-10-01 18:11:00,601
24269.0,256.4996,256.5355,256.53,256.5355,256.465,2025-10-01 18:12:00,541
55654.0,256.5849,256.54,256.615,256.65,256.52,2025-10-01 18:13:00,862
24381.0,256.5829,256.62,256.58,256.62,256.54,2025-10-01 18:14:00,539
33523.0,256.6377,256.57,256.6702,256.6859,256.5684,2025-10-01 18:15:00,601
39151.0,256.6378,256.67,256.63,256.68,256.6,2025-10-01 18:16:00,673
27888.0,256.6037,256.6333,256.63,256.64,256.57,2025-10-01 18:17:00,545
28983.0,256.6154,256.64,256.58,256.65,256.58,2025-10-01 18:18:00,565
24684.0,256.5915,256.5813,256.6,256.6206,256.575,2025-10-01 18:19:00,521
45980.0,256.6121,256.6,256.6261,256.65,256.55,2025-10-01 18:20:00,770
35446.0,256.5551,256.61,256.51,256.62,256.5047,2025-10-01 18:21:00,626
40663.0,256.5311,256.5,256.53,256.5999,256.47,2025-10-01 18:22:00,699
25794.0,256.5284,256.53,256.535,256.55,256.51,2025-10-01 18:23:00,577
36144.0,256.5397,256.53,256.55,256.57,256.49,2025-10-01 18:24:00,692
26585.0,256.549,256.55,256.59,256.59,256.52,2025-10-01 18:25:00,596
39648.0,256.6111,256.59,256.61,256.63,256.59,2025-10-01 18:26:00,683
32383.0,256.6212,256.605,256.6114,256.645,256.595,2025-10-01 18:27:00,552
46736.0,256.5905,256.614257,256.59,256.62,256.56,2025-10-01 18:28:00,637
27119.0,256.4854,256.58,256.485,256.58,256.45,2025-10-01 18:29:00,611
25778.0,256.4682,256.48,256.48,256.495,256.44,2025-10-01 18:30:00,584
41066.0,256.5052,256.4841,256.47,256.54,256.465,2025-10-01 18:31:00,696
24052.0,256.4535,256.475,256.4235,256.48,256.42,2025-10-01 18:32:00,551
30636.0,256.385,256.42,256.345,256.4387,256.33,2025-10-01 18:33:00,707
36505.0,256.3577,256.345,256.395,256.405,256.3,2025-10-01 18:34:00,697
39163.0,256.375,256.395,256.38,256.43,256.3,2025-10-01 18:35:00,757
35432.0,256.3145,256.37,256.265,256.37,256.265,2025-10-01 18:36:00,625
25463.0,256.3348,256.28,256.36,256.375,256.27,2025-10-01 18:37:00,582
46262.0,256.3555,256.36,256.31,256.4099,256.29,2025-10-01 18:38:00,742
48210.0,256.3907,256.3,256.37,256.4701,256.29229,2025-10-01 18:39:00,813
26791.0,256.3979,256.35,256.44,256.44,256.35,2025-10-01 18:40:00,576
27408.0,256.4304,256.44,256.415,256.4768,256.39,2025-10-01 18:41:00,488
47611.0,256.4783,256.415,256.46,256.54,256.41,2025-10-01 18:42:00,807
28896.0,256.4143,256.45,256.3661,256.4599,256.36,2025-10-01 18:43:00,609
23309.0,256.348,256.36,256.325,256.36,256.3,2025-10-01 18:44:00,528
33201.0,256.2857,256.322,256.2574,256.322,256.25,2025-10-01 18:45:00,626
29567.0,256.267,256.27,256.235,256.295,256.235,2025-10-01 18:46:00,562
30548.0,256.2892,256.2399,256.2768,256.33,256.235,2025-10-01 18:47:00,593
32587.0,256.3328,256.277081,256.3884,256.3884,256.27,2025-10-01 18:48:00,681
26593.0,256.3761,256.385,256.395,256.41,256.36,2025-10-01 18:49:00,603
39684.0,256.426,256.4,256.45,256.465,256.4,2025-10-01 18:50:00,680
38974.0,256.396,256.44,256.3711,256.4561,256.36,2025-10-01 18:51:00,683
23305.0,256.4062,256.375,256.39,256.43,256.37,2025-10-01 18:52:00,489
42560.0,256.403,256.37,256.3333,256.4814,256.3333,2025-10-01 18:53:00,725
35235.0,256.3556,256.34,256.39,256.39,256.3,2025-10-01 18:54:00,579
29675.0,256.3945,256.39,256.415,256.42,256.37,2025-10-01 18:55:00,624
43232.0,256.499,256.41,256.56,256.56,256.41,2025-10-01 18:56:00,720
44717.0,256.5154,256.5516,256.53,256.5544,256.49,2025-10-01 18:57:00,713
29635.0,256.5082,256.54,256.55,256.55,256.49,2025-10-01 18:58:00,588
78108.0,256.6532,256.5456,256.74,256.75,256.5302,2025-10-01 18:59:00,1133
128838.0,256.8476,256.73,256.91,256.94,256.73,2025-10-01 19:00:00,1724
75827.0,256.813,256.9167,256.72,256.92,256.72,2025-10-01 19:01:00,1077
66715.0,256.6973,256.71,256.69,256.74,256.64,2025-10-01 19:02:00,1024
50086.0,256.6298,256.695,256.5999,256.695,256.52,2025-10-01 19:03:00,934
30056.0,256.641,256.5998,256.66,256.71,256.56,2025-10-01 19:04:00,642
26764.0,256.6455,256.65,256.68,256.705,256.6,2025-10-01 19:05:00,659
49534.0,256.7037,256.7,256.73,256.735,256.67,2025-10-01 19:06:00,779
37991.0,256.7656,256.74,256.76,256.81,256.74,2025-10-01 19:07:00,604
47835.0,256.7715,256.76,256.73,256.84,256.73,2025-10-01 19:08:00,773
31797.0,256.749,256.73,256.79,256.805,256.7,2025-10-01 19:09:00,666
43825.0,256.7602,256.8,256.77,256.805,256.7215,2025-10-01 19:10:00,738
66696.0,256.7246,256.7599,256.714,256.76,256.67,2025-10-01 19:11:00,970
37545.0,256.6784,256.71,256.67,256.74,256.62,2025-10-01 19:12:00,674
43779.0,256.7261,256.67,256.75,256.78,256.67,2025-10-01 19:13:00,783
29700.0,256.6934,256.73,256.67,256.74,256.65,2025-10-01 19:14:00,682
29848.0,256.6487,256.65,256.6344,256.67,256.6084,2025-10-01 19:15:00,623
40035.0,256.6618,256.635,256.67,256.69,256.63,2025-10-01 19:16:00,704
49330.0,256.6577,256.675,256.65,256.6876,256.625,2025-10-01 19:17:00,757
49306.0,256.583,256.65,256.55,256.65,256.52,2025-10-01 19:18:00,876
50545.0,256.5637,256.56,256.54,256.58,256.5326,2025-10-01 19:19:00,800
74356.0,256.5089,256.55,256.485,256.61,256.46,2025-10-01 19:20:00,1090
77057.0,256.3776,256.49,256.29,256.495,256.26,2025-10-01 19:21:00,1280
65950.0,256.2474,256.2824,256.185,256.3,256.16,2025-10-01 19:22:00,1033
67845.0,256.1265,256.185,256.06,256.2,256.055,2025-10-01 19:23:00,1050
69417.0,256.0189,256.05,255.93,256.0575,255.9101,2025-10-01 19:24:00,1192
73302.0,255.975,255.93,256.005,256.02,255.92,2025-10-01 19:25:00,1053
54830.0,255.9846,256.005,255.95,256.0299,255.91,2025-10-01 19:26:00,1010
59793.0,255.9429,255.94,256.0,256.01,255.87,2025-10-01 19:27:00,1040
46205.0,255.9896,256.01,255.93,256.015,255.93,2025-10-01 19:28:00,898
112322.0,255.9911,255.921,255.94,256.085,255.91,2025-10-01 19:29:00,1492
689376.0,255.9504,255.94,256.03,256.05,255.93,2025-10-01 19:30:00,1366
51563.0,256.0879,256.05,256.14,256.14,256.05,2025-10-01 19:31:00,965
51284.0,256.0937,256.125,256.1,256.13,256.05,2025-10-01 19:32:00,976
54411.0,256.0373,256.0907,256.035,256.0951,255.985,2025-10-01 19:33:00,1021
81989.0,256.0286,256.035,256.01,256.08,255.98,2025-10-01 19:34:00,1075
70933.0,255.8942,256.015,255.83,256.015,255.81,2025-10-01 19:35:00,1242
99906.0,255.7588,255.83,255.655,255.86,255.655,2025-10-01 19:36:00,1392
101666.0,255.6122,255.65,255.565,255.689,255.53,2025-10-01 19:37:00,1467
68099.0,255.6217,255.5675,255.68,255.695,255.53,2025-10-01 19:38:00,1111
153482.0,255.526,255.68,255.4947,255.68,255.43,2025-10-01 19:39:00,1781
123051.0,255.4974,255.495,255.535,255.56,255.41,2025-10-01 19:40:00,1973
97001.0,255.5636,255.535,255.525,255.62,255.5,2025-10-01 19:41:00,1450
66646.0,255.5028,255.52,255.49,255.55,255.4609,2025-10-01 19:42:00,1201
86614.0,255.4958,255.485,255.5502,255.56,255.4315,2025-10-01 19:43:00,1262
115839.0,255.4519,255.55,255.35,255.5687,255.31,2025-10-01 19:44:00,1502
95802.0,255.3668,255.36,255.43,255.43,255.28,2025-10-01 19:45:00,1405
83192.0,255.4929,255.43,255.56,255.56,255.4214,2025-10-01 19:46:00,1307
120748.0,255.6497,255.56,255.73,255.75,255.531,2025-10-01 19:47:00,1581
101479.0,255.6524,255.74,255.675,255.75,255.5664,2025-10-01 19:48:00,1493
90338.0,255.6948,255.67,255.77,255.777,255.65,2025-10-01 19:49:00,1401
174313.0,255.6446,255.78,255.62,255.88,255.56,2025-10-01 19:50:00,2555
136891.0,255.5461,255.62,255.5,255.71,255.47,2025-10-01 19:51:00,2175
141000.0,255.5116,255.49,255.535,255.664,255.4,2025-10-01 19:52:00,2443
122799.0,255.5949,255.53,255.6568,255.7099,255.51,2025-10-01 19:53:00,2020
195886.0,255.6898,255.65,255.605,255.91,255.41,2025-10-01 19:54:00,2887
254209.0,255.4979,255.61,255.465,255.77,255.4,2025-10-01 19:55:00,3478
288982.0,255.4212,255.47,255.45,255.5,255.36,2025-10-01 19:56:00,3485
285981.0,255.481,255.455,255.45,255.58,255.4,2025-10-01 19:57:00,3294
283986.0,255.5006,255.455,255.535,255.61,255.38,2025-10-01 19:58:00,3891
592123.0,255.4867,255.54,255.41,255.59,255.41,2025-10-01 19:59:00,7183
613448.0,255.4498,255.45,255.4,255.45,255.4,2025-10-01 20:00:00,149
2628.0,255.3411,255.44,255.25,255.45,255.2,2025-10-01 20:01:00,80
2775.0,255.3734,255.21,255.4274,255.449,255.16,2025-10-01 20:02:00,44
25363.0,255.602,255.1312,255.2,256.1134,255.1312,2025-10-01 20:03:00,22
2874.0,255.3579,255.3586,255.45,255.45,255.21,2025-10-01 20:04:00,57
1018.0,255.3127,255.3099,255.379,255.379,255.3,2025-10-01 20:05:00,26
804.0,255.3704,255.3895,255.3895,255.3895,255.3895,2025-10-01 20:06:00,16
941.0,255.309,255.279,255.279,255.279,255.279,2025-10-01 20:07:00,19
10241.0,255.4495,255.45,255.45,255.45,255.45,2025-10-01 20:08:00,7
522.0,255.2716,255.2502,255.2502,255.2502,255.2502,2025-10-01 20:10:00,21
5469.0,255.3075,255.3,255.3,255.39,255.3,2025-10-01 20:11:00,24
276.0,255.3727,255.4,255.4,255.4,255.4,2025-10-01 20:12:00,19
435.0,255.2767,255.2381,255.2381,255.2381,255.2381,2025-10-01 20:14:00,24
536.0,255.227,255.22,255.22,255.22,255.22,2025-10-01 20:15:00,8
248.0,255.3005,255.3,255.3,255.3,255.3,2025-10-01 20:16:00,17
825.0,255.3368,255.3495,255.35,255.35,255.3014,2025-10-01 20:17:00,14
1015.0,255.3955,255.39,255.4,255.4,255.39,2025-10-01 20:18:00,40
1791.0,255.399,255.4,255.41,255.41,255.36,2025-10-01 20:19:00,20
678.0,255.3948,255.4,255.4,255.4,255.4,2025-10-01 20:20:00,37
444.0,255.3966,255.4,255.4,255.4,255.4,2025-10-01 20:21:00,52
318.0,255.3926,255.4,255.4,255.4,255.4,2025-10-01 20:22:00,15
484.0,255.405,255.4,255.4,255.4,255.4,2025-10-01 20:23:00,15
1091.0,255.3805,255.4,255.36,255.41,255.36,2025-10-01 20:24:00,23
580.0,255.3777,255.39,255.36,255.4,255.36,2025-10-01 20:25:00,15
460.0,255.3654,255.3605,255.3605,255.3605,255.3605,2025-10-01 20:28:00,9
182.0,255.3626,255.3601,255.3601,255.3601,255.3601,2025-10-01 20:29:00,15
13054.0,255.3733,255.4,255.36,255.4295,255.36,2025-10-01 20:30:00,52
8983.0,255.3787,255.37,255.3602,255.38,255.36,2025-10-01 20:31:00,14
216.0,255.4206,255.43,255.43,255.43,255.43,2025-10-01 20:33:00,15
4742.0,255.4592,255.44,255.5,255.5,255.44,2025-10-01 20:34:00,70
2019.0,255.4701,255.45,255.45,255.54,255.45,2025-10-01 20:35:00,27
458.0,255.4561,255.45,255.45,255.45,255.45,2025-10-01 20:37:00,10
559.0,255.4511,255.45,255.45,255.45,255.45,2025-10-01 20:38:00,13
1093.0,255.445,255.41,255.45,255.45,255.41,2025-10-01 20:39:00,21
1737.0,255.4023,255.41,255.41,255.41,255.4,2025-10-01 20:40:00,13
1109.0,255.3738,255.4,255.43,255.43,255.36,2025-10-01 20:41:00,33
1630.0,255.27,255.2604,255.2698,255.2698,255.2604,2025-10-01 20:47:00,10
651.0,255.312,255.4,255.4,255.4,255.4,2025-10-01 20:51:00,96
181.0,250.9464,255.3888,255.3888,255.3888,255.3888,2025-10-01 20:53:00,14
9625.0,255.1209,255.3,255.3,255.3,255.3,2025-10-01 20:56:00,18
223.0,252.8929,255.2705,255.2705,255.2705,255.2705,2025-10-01 20:58:00,10
413.0,255.3096,255.2614,255.4,255.4,255.2614,2025-10-01 20:59:00,26
249.0,255.311,255.38,255.26,255.38,255.26,2025-10-01 21:00:00,11
408.0,255.262,255.2611,255.26,255.2611,255.26,2025-10-01 21:04:00,9
263.0,255.293,255.29,255.29,255.29,255.29,2025-10-01 21:07:00,7
617.0,255.3466,255.34,255.35,255.35,255.34,2025-10-01 21:09:00,20
453.0,255.2768,255.27,255.27,255.27,255.27,2025-10-01 21:10:00,15
606.0,255.2638,255.27,255.26,255.27,255.26,2025-10-01 21:13:00,25
703.0,255.2689,255.26,255.26,255.26,255.26,2025-10-01 21:14:00,25
204.0,255.272,255.27,255.27,255.27,255.27,2025-10-01 21:15:00,6
371.0,255.3019,255.28,255.35,255.35,255.28,2025-10-01 21:18:00,8
111.0,255.3342,255.34,255.34,255.34,255.34,2025-10-01 21:21:00,4
573.0,255.3473,255.34,255.35,255.35,255.34,2025-10-01 21:22:00,21
314.0,255.2892,255.2802,255.2802,255.2802,255.2802,2025-10-01 21:26:00,16
7046.0,255.4049,255.37,255.2801,255.5,255.2801,2025-10-01 21:27:00,74
292.0,255.3993,255.31,255.31,255.31,255.31,2025-10-01 21:28:00,18
529.0,255.3221,255.3225,255.3225,255.3225,255.3225,2025-10-01 21:29:00,12
221.0,255.3284,255.31,255.31,255.31,255.31,2025-10-01 21:30:00,14
657.0,255.3308,255.43,255.3019,255.43,255.3019,2025-10-01 21:32:00,8
656.0,255.371,255.4,255.4,255.4,255.4,2025-10-01 21:34:00,17
200.0,255.3188,255.3026,255.3026,255.3026,255.3026,2025-10-01 21:37:00,19
153.0,255.3849,255.4,255.4,255.4,255.4,2025-10-01 21:38:00,12
156.0,255.3999,255.4,255.4,255.4,255.4,2025-10-01 21:39:00,8
215.0,255.4522,255.48,255.48,255.48,255.48,2025-10-01 21:45:00,15
112.0,255.355,255.3488,255.3488,255.3488,255.3488,2025-10-01 21:48:00,5
200.0,255.4278,255.443,255.443,255.443,255.443,2025-10-01 21:49:00,15
266.0,255.3991,255.4,255.4,255.4,255.4,2025-10-01 21:58:00,10
226.0,255.4219,255.4,255.4,255.4,255.4,2025-10-01 22:02:00,8
1330.0,255.4454,255.44,255.48,255.48,255.44,2025-10-01 22:03:00,19
1173.0,255.4429,255.42,255.45,255.45,255.4199,2025-10-01 22:06:00,19
190.0,255.4146,255.388,255.388,255.388,255.388,2025-10-01 22:07:00,15
139.0,255.3689,255.36,255.36,255.36,255.36,2025-10-01 22:10:00,8
1637.0,255.368,255.3616,255.3601,255.41,255.36,2025-10-01 22:11:00,31
117.0,255.326,255.3195,255.3195,255.3195,255.3195,2025-10-01 22:15:00,6
2337.0,255.4001,255.41,255.4,255.41,255.4,2025-10-01 22:24:00,18
113.0,255.444,255.45,255.45,255.45,255.45,2025-10-01 22:31:00,5
116.0,255.4403,255.44,255.44,255.44,255.44,2025-10-01 22:35:00,4
464.0,255.4075,255.42,255.4,255.42,255.4,2025-10-01 22:40:00,16
2849.0,255.4062,255.42,255.4,255.42,255.4,2025-10-01 22:44:00,21
667.0,255.3885,255.39,255.3899,255.39,255.3899,2025-10-01 22:45:00,22
9745.0,255.4497,255.45,255.45,255.45,255.45,2025-10-01 22:46:00,11
356.0,255.3882,255.39,255.39,255.39,255.39,2025-10-01 22:53:00,15
306.0,255.3679,255.33,255.41,255.41,255.33,2025-10-01 22:57:00,11
606.0,255.3494,255.35,255.35,255.35,255.35,2025-10-01 22:58:00,9
591.0,255.3473,255.34,255.34,255.34,255.34,2025-10-01 22:59:00,8
557.0,255.35,255.35,255.35,255.35,255.35,2025-10-01 23:00:00,7
117.0,255.3488,255.35,255.35,255.35,255.35,2025-10-01 23:01:00,4
464.0,255.3282,255.33,255.33,255.33,255.33,2025-10-01 23:04:00,8
119.0,255.3082,255.3,255.3,255.3,255.3,2025-10-01 23:08:00,9
326.0,255.3491,255.35,255.35,255.35,255.35,2025-10-01 23:11:00,6
436.0,255.3263,255.34,255.33,255.34,255.33,2025-10-01 23:12:00,13
1218.0,255.312,255.31,255.3,255.35,255.3,2025-10-01 23:13:00,15
1382.0,255.3139,255.3,255.33,255.33,255.3,2025-10-01 23:15:00,16
140.0,255.3112,255.31,255.31,255.31,255.31,2025-10-01 23:16:00,12
481.0,255.3362,255.34,255.34,255.34,255.34,2025-10-01 23:17:00,25
3179.0,255.3034,255.31,255.3001,255.31,255.3,2025-10-01 23:18:00,65
734.0,255.3123,255.31,255.31,255.31,255.31,2025-10-01 23:19:00,10
675.0,255.3089,255.3,255.31,255.31,255.3,2025-10-01 23:20:00,9
261.0,255.38,255.38,255.38,255.38,255.38,2025-10-01 23:21:00,2
676.0,255.3224,255.38,255.31,255.38,255.31,2025-10-01 23:22:00,16
476.0,255.3611,255.4,255.33,255.4,255.33,2025-10-01 23:27:00,14
131.0,255.3189,255.31,255.31,255.31,255.31,2025-10-01 23:29:00,6
3024.0,255.2995,255.3,255.3,255.3,255.3,2025-10-01 23:34:00,35
1429.0,255.2693,255.28,255.26,255.28,255.26,2025-10-01 23:35:00,50
548.0,255.258,255.25,255.26,255.26,255.25,2025-10-01 23:39:00,6
162.0,255.2483,255.25,255.25,255.25,255.25,2025-10-01 23:40:00,7
1429.0,255.2337,255.2201,255.25,255.25,255.2201,2025-10-01 23:41:00,18
571.0,255.2428,255.2388,255.2375,255.2388,255.2375,2025-10-01 23:44:00,7
215.0,255.2346,255.2343,255.2343,255.2343,255.2343,2025-10-01 23:45:00,6
914.0,255.2322,255.2309,255.23,255.2309,255.23,2025-10-01 23:46:00,12
233.0,255.2541,255.26,255.26,255.26,255.26,2025-10-01 23:48:00,14
1163.0,255.25,255.25,255.25,255.25,255.25,2025-10-01 23:49:00,10
213.0,255.2842,255.3,255.3,255.3,255.3,2025-10-01 23:50:00,7
560.0,255.2581,255.26,255.26,255.26,255.26,2025-10-01 23:51:00,5
871.0,255.25,255.2415,255.24,255.26,255.24,2025-10-01 23:53:00,9
226.0,255.2582,255.2585,255.2585,255.2585,255.2585,2025-10-01 23:54:00,7
441.0,255.2427,255.24,255.24,255.24,255.24,2025-10-01 23:55:00,12
734.0,255.2444,255.25,255.2309,255.25,255.2309,2025-10-01 23:56:00,9
209.0,255.2387,255.23,255.23,255.23,255.23,2025-10-01 23:57:00,8
467.0,255.271,255.28,255.28,255.28,255.28,2025-10-01 23:59:00,23
